cipher,security,energy,power,duration
sc_chacha20_neon+sc_freestyle_fast,1.625,1,1,1
sc_chacha20_neon+sc_freestyle_fast,1.75,0.9453030764924013163469554729,0.8278867934759694654664489966,0.9840101928053560102386642736
sc_chacha8_neon+sc_chacha20_neon,0.75,0.001621482664702124127589360516,0.0005864158942209835623887235033,0.002065275433967542104476330145
sc_chacha8_neon+sc_chacha20_neon,1.0,0,0,0
sc_chacha8_neon+sc_freestyle_fast,0.875,0.9692414057559653479851834398,0.9570823705718635433817344957,0.9776358594541367852249250504
sc_chacha8_neon+sc_freestyle_fast,1.25,0.9477406501652988580075561109,0.8695777765252440867217469492,0.9761239105815943109115024554
