cipher,security,energy,power,duration
sc_chacha8_neon,0.5,0.0007303823125919596344087125938,0,0.001460524691352527187392688273
sc_freestyle_secure,3.0,1,1,1
sc_chacha20_neon+sc_freestyle_fast,1.625,0.01973294509618626403438373514,0.8029620277339623487284909666,0.01948887535123701973734806079
sc_chacha20_neon+sc_freestyle_fast,1.75,0.01865361370768051940141543088,0.6932838338920953469370072014,0.01917725199193029012616654793
sc_chacha8_neon+sc_chacha20_neon,0.75,0.00003199662839698481650710845682,0.1660912203189349896861141078,0.00004024989549856537049489380642
sc_chacha8_neon+sc_chacha20_neon,1.0,0,0.1657175300169688774414390339,0E+1
sc_chacha8_neon+sc_freestyle_fast,0.875,0.01912598744473285740079802795,0.7756130045258254746803311528,0.01905302340380114570318228798
sc_chacha8_neon+sc_freestyle_fast,1.25,0.01870171421513571568654385741,0.7198511834446580418315741058,0.01902355722068672207311022200
