cipher,security,energy,power,duration
sc_chacha20_neon+sc_freestyle_fast,1.625,0.9984386501886000679288845810,0.9645522091107558463184166033,1
sc_chacha20_neon+sc_freestyle_fast,1.75,1,1,0.9669581689440341436527190000
sc_chacha8_neon+sc_chacha20_neon,0.75,0.01787494369560964468057847110,0.04776639413171630800589721132,0.0007307192876310942114876215234
sc_chacha8_neon+sc_chacha20_neon,1.0,0,0,0E+1
sc_chacha8_neon+sc_freestyle_fast,0.875,0.9958122192804727620525512432,0.9964100717309317747368531377,0.9640793028658682706454537717
sc_chacha8_neon+sc_freestyle_fast,1.25,0.9425983642300822966606839090,0.9323532264580317757895146609,0.9450810315161429886784446457
