cipher,security,energy,power,duration
sc_chacha8_neon,0.5,0.0007608161868109015040882600494,0,0.002863894725911607387453637595
sc_freestyle_secure,3.0,1,1,1
sc_chacha20_neon+sc_freestyle_fast,1.625,0.03305925466483145817528547459,0.5070776004776980141553651601,0.03111529249999649707301260161
sc_chacha20_neon+sc_freestyle_fast,1.75,0.03311095244418545926194066108,0.5251915908660792288276412636,0.03008718626195465132587569072
sc_chacha8_neon+sc_chacha20_neon,0.75,0.0005918564106478236304713899646,0.03859567186833351777578140096,0.00002273654437003056882918134834
sc_chacha8_neon+sc_chacha20_neon,1.0,0,0.01418681640839917367023938874,0
sc_chacha8_neon+sc_freestyle_fast,0.875,0.03297229103593451612137860027,0.5233571203806247706182675491,0.02999760950186420240819445683
sc_chacha8_neon+sc_freestyle_fast,1.25,0.03121032961198925919587479040,0.4906237666094759978538725838,0.02940647273182319701470341739
