cipher,security,energy,power,duration
sc_chacha20_neon,1.5,0.002474005004502397221943364021,0.6145892181686504559290272668,0.001526938473722707867902061166
sc_chacha8_neon,0.5,0,0,0
sc_freestyle_balanced,2.5,0.2665488033059730577761362992,1,0.2642859791262143997603245550
sc_freestyle_fast,2.0,0.07855946000816312336174705959,0.9704750074419357408544997825,0.07705960367889459485113135972
sc_freestyle_secure,3.0,1,0.9686200433076331814358763334,1
